{
  "type": "cdl",
  "source": "http://oracc.org/saao/saa11",
  "license": "This data is released under the CC0 license",
  "license-url": "https://creativecommons.org/publicdomain/zero/1.0/",
  "more-info": "http://oracc.org/doc/opendata/",
  "UTC-timestamp": "2017-06-10T00:49:38",
  "project": "saao/saa11",
  "textid": "P335735",
  "cdl": [
    {
      "node": "c",
      "type": "text",
      "id": "P335735.U0",
      "cdl": [
        {
          "node": "d",
          "type": "object",
          "ref": ""
        },
        {
          "node": "d",
          "subtype": "obverse",
          "type": "obverse",
          "ref": "P335735.o.1",
          "label": "o"
        },
        {
          "node": "c",
          "type": "discourse",
          "subtype": "body",
          "id": "P335735.U1",
          "cdl": [
            {
              "node": "c",
              "type": "sentence",
              "id": "P335735.U2",
              "label": "o 1 - r 10",
              "cdl": [
                {
                  "node": "d",
                  "type": "line-start",
                  "ref": "P335735.2",
                  "n": "1",
                  "label": "o 1"
                },
                {
                  "node": "l",
                  "frag": "30",
                  "id": "P335735.l024c8",
                  "ref": "P335735.2.1",
                  "inst": "%akk-x-neoass:30=",
                  "f": {
                    "lang": "akk-x-neoass",
                    "form": "30"
                  }
                },
                {
                  "node": "l",
                  "frag": "{uru}KUR-[x",
                  "id": "P335735.l024c9",
                  "ref": "P335735.2.2",
                  "inst": "%akk-x-neoass:{URU}KUR-x=",
                  "f": {
                    "lang": "akk-x-neoass",
                    "form": "{URU}KUR-x"
                  }
                },
                {
                  "node": "l",
                  "frag": "x",
                  "id": "P335735.l024ca",
                  "ref": "P335735.2.3",
                  "inst": "%akk-x-neoass:x=",
                  "f": {
                    "lang": "akk-x-neoass",
                    "form": "x"
                  }
                },
                {
                  "node": "l",
                  "frag": "x",
                  "id": "P335735.l024cb",
                  "ref": "P335735.2.4",
                  "inst": "%akk-x-neoass:x=",
                  "f": {
                    "lang": "akk-x-neoass",
                    "form": "x"
                  }
                },
                {
                  "node": "l",
                  "frag": "x]",
                  "id": "P335735.l024cc",
                  "ref": "P335735.2.5",
                  "inst": "%akk-x-neoass:x=",
                  "f": {
                    "lang": "akk-x-neoass",
                    "form": "x"
                  }
                },
                {
                  "node": "d",
                  "type": "line-start",
                  "ref": "P335735.3",
                  "n": "2",
                  "label": "o 2"
                },
                {
                  "node": "l",
                  "frag": "04",
                  "id": "P335735.l024cd",
                  "ref": "P335735.3.1",
                  "inst": "%akk-x-neoass:04=",
                  "f": {
                    "lang": "akk-x-neoass",
                    "form": "04"
                  }
                },
                {
                  "node": "l",
                  "frag": "da⸣-[x",
                  "id": "P335735.l024ce",
                  "ref": "P335735.3.2",
                  "inst": "%akk-x-neoass:da-x=",
                  "f": {
                    "lang": "akk-x-neoass",
                    "form": "da-x"
                  }
                },
                {
                  "node": "l",
                  "frag": "x",
                  "id": "P335735.l024cf",
                  "ref": "P335735.3.3",
                  "inst": "%akk-x-neoass:x=",
                  "f": {
                    "lang": "akk-x-neoass",
                    "form": "x"
                  }
                },
                {
                  "node": "l",
                  "frag": "x",
                  "id": "P335735.l024d0",
                  "ref": "P335735.3.4",
                  "inst": "%akk-x-neoass:x=",
                  "f": {
                    "lang": "akk-x-neoass",
                    "form": "x"
                  }
                },
                {
                  "node": "l",
                  "frag": "x]",
                  "id": "P335735.l024d1",
                  "ref": "P335735.3.5",
                  "inst": "%akk-x-neoass:x=",
                  "f": {
                    "lang": "akk-x-neoass",
                    "form": "x"
                  }
                },
                {
                  "node": "d",
                  "type": "line-start",
                  "ref": "P335735.4",
                  "n": "3",
                  "label": "o 3"
                },
                {
                  "node": "l",
                  "frag": "11",
                  "id": "P335735.l024d2",
                  "ref": "P335735.4.1",
                  "inst": "%akk-x-neoass:11=",
                  "f": {
                    "lang": "akk-x-neoass",
                    "form": "11"
                  }
                },
                {
                  "node": "l",
                  "frag": "⸢ERIM",
                  "id": "P335735.l024d3",
                  "ref": "P335735.4.2",
                  "inst": "%akk-x-neoass:ERIM=",
                  "f": {
                    "lang": "akk-x-neoass",
                    "form": "ERIM"
                  }
                },
                {
                  "node": "l",
                  "frag": "ZI⸣-[MEŠ",
                  "id": "P335735.l024d4",
                  "ref": "P335735.4.3",
                  "inst": "%akk-x-neoass:ZI-MEŠ=",
                  "f": {
                    "lang": "akk-x-neoass",
                    "form": "ZI-MEŠ"
                  }
                },
                {
                  "node": "l",
                  "frag": "x",
                  "id": "P335735.l024d5",
                  "ref": "P335735.4.4",
                  "inst": "%akk-x-neoass:x=",
                  "f": {
                    "lang": "akk-x-neoass",
                    "form": "x"
                  }
                },
                {
                  "node": "l",
                  "frag": "x]",
                  "id": "P335735.l024d6",
                  "ref": "P335735.4.5",
                  "inst": "%akk-x-neoass:x=",
                  "f": {
                    "lang": "akk-x-neoass",
                    "form": "x"
                  }
                },
                {
                  "node": "d",
                  "type": "line-start",
                  "ref": "P335735.5",
                  "n": "4",
                  "label": "o 4"
                },
                {
                  "node": "l",
                  "frag": "⸢PAB",
                  "id": "P335735.l024d7",
                  "ref": "P335735.5.1",
                  "inst": "%akk-x-neoass:PAB=",
                  "f": {
                    "lang": "akk-x-neoass",
                    "form": "PAB"
                  }
                },
                {
                  "node": "l",
                  "frag": "15",
                  "id": "P335735.l024d8",
                  "ref": "P335735.5.2",
                  "inst": "%akk-x-neoass:15=",
                  "f": {
                    "lang": "akk-x-neoass",
                    "form": "15"
                  }
                },
                {
                  "node": "l",
                  "frag": "[x",
                  "id": "P335735.l024d9",
                  "ref": "P335735.5.3",
                  "inst": "%akk-x-neoass:x=",
                  "f": {
                    "lang": "akk-x-neoass",
                    "form": "x"
                  }
                },
                {
                  "node": "l",
                  "frag": "x",
                  "id": "P335735.l024da",
                  "ref": "P335735.5.4",
                  "inst": "%akk-x-neoass:x=",
                  "f": {
                    "lang": "akk-x-neoass",
                    "form": "x"
                  }
                },
                {
                  "node": "l",
                  "frag": "x",
                  "id": "P335735.l024db",
                  "ref": "P335735.5.5",
                  "inst": "%akk-x-neoass:x=",
                  "f": {
                    "lang": "akk-x-neoass",
                    "form": "x"
                  }
                },
                {
                  "node": "l",
                  "frag": "x]",
                  "id": "P335735.l024dc",
                  "ref": "P335735.5.6",
                  "inst": "%akk-x-neoass:x=",
                  "f": {
                    "lang": "akk-x-neoass",
                    "form": "x"
                  }
                },
                {
                  "node": "d",
                  "type": "line-start",
                  "ref": "P335735.6",
                  "n": "5",
                  "label": "o 5"
                },
                {
                  "node": "l",
                  "frag": "PAB",
                  "id": "P335735.l024dd",
                  "ref": "P335735.6.1",
                  "inst": "%akk-x-neoass:PAB=",
                  "f": {
                    "lang": "akk-x-neoass",
                    "form": "PAB"
                  }
                },
                {
                  "node": "l",
                  "frag": "06",
                  "id": "P335735.l024de",
                  "ref": "P335735.6.2",
                  "inst": "%akk-x-neoass:06=",
                  "f": {
                    "lang": "akk-x-neoass",
                    "form": "06"
                  }
                },
                {
                  "node": "l",
                  "frag": "⸢MI₂⸣-[MEŠ]",
                  "id": "P335735.l024df",
                  "ref": "P335735.6.3",
                  "inst": "%akk-x-neoass:MI₂-MEŠ=",
                  "f": {
                    "lang": "akk-x-neoass",
                    "form": "MI₂-MEŠ"
                  }
                },
                {
                  "node": "d",
                  "type": "line-start",
                  "ref": "P335735.7",
                  "n": "6",
                  "label": "o 6"
                },
                {
                  "node": "l",
                  "frag": "PAB",
                  "id": "P335735.l024e0",
                  "ref": "P335735.7.1",
                  "inst": "%akk-x-neoass:PAB=",
                  "f": {
                    "lang": "akk-x-neoass",
                    "form": "PAB"
                  }
                },
                {
                  "node": "l",
                  "frag": "21",
                  "id": "P335735.l024e1",
                  "ref": "P335735.7.2",
                  "inst": "%akk-x-neoass:21=",
                  "f": {
                    "lang": "akk-x-neoass",
                    "form": "21"
                  }
                },
                {
                  "node": "l",
                  "frag": "ERIM",
                  "id": "P335735.l024e2",
                  "ref": "P335735.7.3",
                  "inst": "%akk-x-neoass:ERIM=",
                  "f": {
                    "lang": "akk-x-neoass",
                    "form": "ERIM"
                  }
                },
                {
                  "node": "l",
                  "frag": "ZI-[MEŠ",
                  "id": "P335735.l024e3",
                  "ref": "P335735.7.4",
                  "inst": "%akk-x-neoass:ZI-MEŠ=",
                  "f": {
                    "lang": "akk-x-neoass",
                    "form": "ZI-MEŠ"
                  }
                },
                {
                  "node": "l",
                  "frag": "x",
                  "id": "P335735.l024e4",
                  "ref": "P335735.7.5",
                  "inst": "%akk-x-neoass:x=",
                  "f": {
                    "lang": "akk-x-neoass",
                    "form": "x"
                  }
                },
                {
                  "node": "l",
                  "frag": "x]",
                  "id": "P335735.l024e5",
                  "ref": "P335735.7.6",
                  "inst": "%akk-x-neoass:x=",
                  "f": {
                    "lang": "akk-x-neoass",
                    "form": "x"
                  }
                },
                {
                  "node": "d",
                  "type": "line-start",
                  "ref": "P335735.8",
                  "n": "7",
                  "label": "o 7"
                },
                {
                  "node": "l",
                  "frag": "⸢ša",
                  "id": "P335735.l024e6",
                  "ref": "P335735.8.1",
                  "inst": "%akk-x-neoass:ša=",
                  "f": {
                    "lang": "akk-x-neoass",
                    "form": "ša"
                  }
                },
                {
                  "node": "l",
                  "frag": "{1}ik-x",
                  "id": "P335735.l024e7",
                  "ref": "P335735.8.2",
                  "inst": "%akk-x-neoass:{1}ik-x=",
                  "f": {
                    "lang": "akk-x-neoass",
                    "form": "{1}ik-x"
                  }
                },
                {
                  "node": "l",
                  "frag": "x⸣",
                  "id": "P335735.l024e8",
                  "ref": "P335735.8.3",
                  "inst": "%akk-x-neoass:x=",
                  "f": {
                    "lang": "akk-x-neoass",
                    "form": "x"
                  }
                },
                {
                  "node": "l",
                  "frag": "[x",
                  "id": "P335735.l024e9",
                  "ref": "P335735.8.4",
                  "inst": "%akk-x-neoass:x=",
                  "f": {
                    "lang": "akk-x-neoass",
                    "form": "x"
                  }
                },
                {
                  "node": "l",
                  "frag": "x",
                  "id": "P335735.l024ea",
                  "ref": "P335735.8.5",
                  "inst": "%akk-x-neoass:x=",
                  "f": {
                    "lang": "akk-x-neoass",
                    "form": "x"
                  }
                },
                {
                  "node": "l",
                  "frag": "x]",
                  "id": "P335735.l024eb",
                  "ref": "P335735.8.6",
                  "inst": "%akk-x-neoass:x=",
                  "f": {
                    "lang": "akk-x-neoass",
                    "form": "x"
                  }
                },
                {
                  "node": "d",
                  "type": "line-start",
                  "ref": "P335735.9",
                  "n": "8",
                  "label": "o 8"
                },
                {
                  "node": "l",
                  "frag": "⸢a⸣-[na]",
                  "id": "P335735.l024ec",
                  "ref": "P335735.9.1",
                  "inst": "%akk-x-neoass:a-na=",
                  "f": {
                    "lang": "akk-x-neoass",
                    "form": "a-na"
                  }
                },
                {
                  "node": "l",
                  "frag": "⸢UGU⸣",
                  "id": "P335735.l024ed",
                  "ref": "P335735.9.2",
                  "inst": "%akk-x-neoass:UGU=",
                  "f": {
                    "lang": "akk-x-neoass",
                    "form": "UGU"
                  }
                },
                {
                  "node": "l",
                  "frag": "pi-i",
                  "id": "P335735.l024ee",
                  "ref": "P335735.9.3",
                  "inst": "%akk-x-neoass:pi-i=",
                  "f": {
                    "lang": "akk-x-neoass",
                    "form": "pi-i"
                  }
                },
                {
                  "node": "l",
                  "frag": "{lu₂v}[x",
                  "id": "P335735.l024ef",
                  "ref": "P335735.9.4",
                  "inst": "%akk-x-neoass:{LU₂}x=",
                  "f": {
                    "lang": "akk-x-neoass",
                    "form": "{LU₂}x"
                  }
                },
                {
                  "node": "l",
                  "frag": "x",
                  "id": "P335735.l024f0",
                  "ref": "P335735.9.5",
                  "inst": "%akk-x-neoass:x=",
                  "f": {
                    "lang": "akk-x-neoass",
                    "form": "x"
                  }
                },
                {
                  "node": "l",
                  "frag": "x]",
                  "id": "P335735.l024f1",
                  "ref": "P335735.9.6",
                  "inst": "%akk-x-neoass:x=",
                  "f": {
                    "lang": "akk-x-neoass",
                    "form": "x"
                  }
                },
                {
                  "node": "d",
                  "type": "line-start",
                  "ref": "P335735.10",
                  "n": "9",
                  "label": "o 9"
                },
                {
                  "node": "l",
                  "frag": "{1}ha-su-a-⸢ta⸣",
                  "id": "P335735.l024f2",
                  "ref": "P335735.10.1",
                  "inst": "%akk-x-neoass:{1}ha-su-a-ta=",
                  "f": {
                    "lang": "akk-x-neoass",
                    "form": "{1}ha-su-a-ta"
                  }
                },
                {
                  "node": "l",
                  "frag": "[x",
                  "id": "P335735.l024f3",
                  "ref": "P335735.10.2",
                  "inst": "%akk-x-neoass:x=",
                  "f": {
                    "lang": "akk-x-neoass",
                    "form": "x"
                  }
                },
                {
                  "node": "l",
                  "frag": "x]",
                  "id": "P335735.l024f4",
                  "ref": "P335735.10.3",
                  "inst": "%akk-x-neoass:x=",
                  "f": {
                    "lang": "akk-x-neoass",
                    "form": "x"
                  }
                },
                {
                  "node": "d",
                  "type": "line-start",
                  "ref": "P335735.11",
                  "n": "10",
                  "label": "o 10"
                },
                {
                  "node": "l",
                  "frag": "[x]",
                  "id": "P335735.l024f5",
                  "ref": "P335735.11.1",
                  "inst": "%akk-x-neoass:x=",
                  "f": {
                    "lang": "akk-x-neoass",
                    "form": "x"
                  }
                },
                {
                  "node": "l",
                  "frag": "{uru}ab-na-⸢na⸣",
                  "id": "P335735.l024f6",
                  "ref": "P335735.11.2",
                  "inst": "%akk-x-neoass:{URU}ab-na-na=",
                  "f": {
                    "lang": "akk-x-neoass",
                    "form": "{URU}ab-na-na"
                  }
                },
                {
                  "node": "l",
                  "frag": "[x",
                  "id": "P335735.l024f7",
                  "ref": "P335735.11.3",
                  "inst": "%akk-x-neoass:x=",
                  "f": {
                    "lang": "akk-x-neoass",
                    "form": "x"
                  }
                },
                {
                  "node": "l",
                  "frag": "x",
                  "id": "P335735.l024f8",
                  "ref": "P335735.11.4",
                  "inst": "%akk-x-neoass:x=",
                  "f": {
                    "lang": "akk-x-neoass",
                    "form": "x"
                  }
                },
                {
                  "node": "l",
                  "frag": "x]",
                  "id": "P335735.l024f9",
                  "ref": "P335735.11.5",
                  "inst": "%akk-x-neoass:x=",
                  "f": {
                    "lang": "akk-x-neoass",
                    "form": "x"
                  }
                },
                {
                  "node": "d",
                  "type": "line-start",
                  "ref": "P335735.12",
                  "n": "11",
                  "label": "o 11"
                },
                {
                  "node": "l",
                  "frag": "01",
                  "id": "P335735.l024fa",
                  "ref": "P335735.12.1",
                  "inst": "%akk-x-neoass:01=",
                  "f": {
                    "lang": "akk-x-neoass",
                    "form": "01"
                  }
                },
                {
                  "node": "l",
                  "frag": "ARAD-KUR",
                  "id": "P335735.l024fb",
                  "ref": "P335735.12.2",
                  "inst": "%akk-x-neoass:ARAD-KUR=",
                  "f": {
                    "lang": "akk-x-neoass",
                    "form": "ARAD-KUR"
                  }
                },
                {
                  "node": "l",
                  "frag": "06",
                  "id": "P335735.l024fc",
                  "ref": "P335735.12.3",
                  "inst": "%akk-x-neoass:06=",
                  "f": {
                    "lang": "akk-x-neoass",
                    "form": "06"
                  }
                },
                {
                  "node": "l",
                  "frag": "ša",
                  "id": "P335735.l024fd",
                  "ref": "P335735.12.4",
                  "inst": "%akk-x-neoass:ša=",
                  "f": {
                    "lang": "akk-x-neoass",
                    "form": "ša"
                  }
                },
                {
                  "node": "l",
                  "frag": "⸢x⸣+[x",
                  "id": "P335735.l024fe",
                  "ref": "P335735.12.5",
                  "inst": "%akk-x-neoass:x+x=",
                  "f": {
                    "lang": "akk-x-neoass",
                    "form": "x+x"
                  }
                },
                {
                  "node": "l",
                  "frag": "x]",
                  "id": "P335735.l024ff",
                  "ref": "P335735.12.6",
                  "inst": "%akk-x-neoass:x=",
                  "f": {
                    "lang": "akk-x-neoass",
                    "form": "x"
                  }
                },
                {
                  "node": "d",
                  "type": "line-start",
                  "ref": "P335735.13",
                  "n": "12",
                  "label": "o 12"
                },
                {
                  "node": "l",
                  "frag": "⸢PAB⸣",
                  "id": "P335735.l02500",
                  "ref": "P335735.13.1",
                  "inst": "%akk-x-neoass:PAB=",
                  "f": {
                    "lang": "akk-x-neoass",
                    "form": "PAB"
                  }
                },
                {
                  "node": "l",
                  "frag": "07",
                  "id": "P335735.l02501",
                  "ref": "P335735.13.2",
                  "inst": "%akk-x-neoass:07=",
                  "f": {
                    "lang": "akk-x-neoass",
                    "form": "07"
                  }
                },
                {
                  "node": "l",
                  "frag": "ša",
                  "id": "P335735.l02502",
                  "ref": "P335735.13.3",
                  "inst": "%akk-x-neoass:ša=",
                  "f": {
                    "lang": "akk-x-neoass",
                    "form": "ša"
                  }
                },
                {
                  "node": "l",
                  "frag": "{1}10--[x",
                  "id": "P335735.l02503",
                  "ref": "P335735.13.4",
                  "inst": "%akk-x-neoass:{1}10-x=",
                  "f": {
                    "lang": "akk-x-neoass",
                    "form": "{1}10-x"
                  }
                },
                {
                  "node": "l",
                  "frag": "x",
                  "id": "P335735.l02504",
                  "ref": "P335735.13.5",
                  "inst": "%akk-x-neoass:x=",
                  "f": {
                    "lang": "akk-x-neoass",
                    "form": "x"
                  }
                },
                {
                  "node": "l",
                  "frag": "(x",
                  "id": "P335735.l02505",
                  "ref": "P335735.13.6",
                  "inst": "%akk-x-neoass:x=",
                  "f": {
                    "lang": "akk-x-neoass",
                    "form": "x"
                  }
                },
                {
                  "node": "l",
                  "frag": "x)]",
                  "id": "P335735.l02506",
                  "ref": "P335735.13.7",
                  "inst": "%akk-x-neoass:x=",
                  "f": {
                    "lang": "akk-x-neoass",
                    "form": "x"
                  }
                },
                {
                  "node": "d",
                  "type": "line-start",
                  "ref": "P335735.14",
                  "n": "13",
                  "label": "o 13"
                },
                {
                  "node": "l",
                  "frag": "[x]+⸢x⸣",
                  "id": "P335735.l02507",
                  "ref": "P335735.14.1",
                  "inst": "%akk-x-neoass:x+x=",
                  "f": {
                    "lang": "akk-x-neoass",
                    "form": "x+x"
                  }
                },
                {
                  "node": "l",
                  "frag": "{uru}gar-ga-⸢miš⸣",
                  "id": "P335735.l02508",
                  "ref": "P335735.14.2",
                  "inst": "%akk-x-neoass:{URU}gar-ga-miš=",
                  "f": {
                    "lang": "akk-x-neoass",
                    "form": "{URU}gar-ga-miš"
                  }
                },
                {
                  "node": "l",
                  "frag": "[x",
                  "id": "P335735.l02509",
                  "ref": "P335735.14.3",
                  "inst": "%akk-x-neoass:x=",
                  "f": {
                    "lang": "akk-x-neoass",
                    "form": "x"
                  }
                },
                {
                  "node": "l",
                  "frag": "x",
                  "id": "P335735.l0250a",
                  "ref": "P335735.14.4",
                  "inst": "%akk-x-neoass:x=",
                  "f": {
                    "lang": "akk-x-neoass",
                    "form": "x"
                  }
                },
                {
                  "node": "l",
                  "frag": "(x",
                  "id": "P335735.l0250b",
                  "ref": "P335735.14.5",
                  "inst": "%akk-x-neoass:x=",
                  "f": {
                    "lang": "akk-x-neoass",
                    "form": "x"
                  }
                },
                {
                  "node": "l",
                  "frag": "x)]",
                  "id": "P335735.l0250c",
                  "ref": "P335735.14.6",
                  "inst": "%akk-x-neoass:x=",
                  "f": {
                    "lang": "akk-x-neoass",
                    "form": "x"
                  }
                },
                {
                  "node": "d",
                  "type": "line-start",
                  "ref": "P335735.15",
                  "n": "14",
                  "label": "o 14"
                },
                {
                  "node": "l",
                  "frag": "[ša]",
                  "id": "P335735.l0250d",
                  "ref": "P335735.15.1",
                  "inst": "%akk-x-neoass:ša=",
                  "f": {
                    "lang": "akk-x-neoass",
                    "form": "ša"
                  }
                },
                {
                  "node": "l",
                  "frag": "{1}su-su-u-a",
                  "id": "P335735.l0250e",
                  "ref": "P335735.15.2",
                  "inst": "%akk-x-neoass:{1}su-su-u-a=",
                  "f": {
                    "lang": "akk-x-neoass",
                    "form": "{1}su-su-u-a"
                  }
                },
                {
                  "node": "l",
                  "frag": "{⸢lu₂v⸣}[x",
                  "id": "P335735.l0250f",
                  "ref": "P335735.15.3",
                  "inst": "%akk-x-neoass:{LU₂}x=",
                  "f": {
                    "lang": "akk-x-neoass",
                    "form": "{LU₂}x"
                  }
                },
                {
                  "node": "l",
                  "frag": "(x",
                  "id": "P335735.l02510",
                  "ref": "P335735.15.4",
                  "inst": "%akk-x-neoass:x=",
                  "f": {
                    "lang": "akk-x-neoass",
                    "form": "x"
                  }
                },
                {
                  "node": "l",
                  "frag": "x)]",
                  "id": "P335735.l02511",
                  "ref": "P335735.15.5",
                  "inst": "%akk-x-neoass:x=",
                  "f": {
                    "lang": "akk-x-neoass",
                    "form": "x"
                  }
                },
                {
                  "node": "d",
                  "type": "line-start",
                  "ref": "P335735.16",
                  "n": "15",
                  "label": "o 15"
                },
                {
                  "node": "l",
                  "frag": "[(x)",
                  "id": "P335735.l02512",
                  "ref": "P335735.16.1",
                  "inst": "%akk-x-neoass:x=",
                  "f": {
                    "lang": "akk-x-neoass",
                    "form": "x"
                  }
                },
                {
                  "node": "l",
                  "frag": "x",
                  "id": "P335735.l02513",
                  "ref": "P335735.16.2",
                  "inst": "%akk-x-neoass:x=",
                  "f": {
                    "lang": "akk-x-neoass",
                    "form": "x"
                  }
                },
                {
                  "node": "l",
                  "frag": "{uru]}⸢kul⸣-la-⸢ni⸣-[a",
                  "id": "P335735.l02514",
                  "ref": "P335735.16.3",
                  "inst": "%akk-x-neoass:{URU}kul-la-ni-a=",
                  "f": {
                    "lang": "akk-x-neoass",
                    "form": "{URU}kul-la-ni-a"
                  }
                },
                {
                  "node": "l",
                  "frag": "(x",
                  "id": "P335735.l02515",
                  "ref": "P335735.16.4",
                  "inst": "%akk-x-neoass:x=",
                  "f": {
                    "lang": "akk-x-neoass",
                    "form": "x"
                  }
                },
                {
                  "node": "l",
                  "frag": "x)]",
                  "id": "P335735.l02516",
                  "ref": "P335735.16.5",
                  "inst": "%akk-x-neoass:x=",
                  "f": {
                    "lang": "akk-x-neoass",
                    "form": "x"
                  }
                },
                {
                  "node": "d",
                  "type": "line-start",
                  "ref": "P335735.17",
                  "n": "16",
                  "label": "o 16"
                },
                {
                  "node": "l",
                  "frag": "[x",
                  "id": "P335735.l02517",
                  "ref": "P335735.17.1",
                  "inst": "%akk-x-neoass:x=",
                  "f": {
                    "lang": "akk-x-neoass",
                    "form": "x"
                  }
                },
                {
                  "node": "l",
                  "frag": "x",
                  "id": "P335735.l02518",
                  "ref": "P335735.17.2",
                  "inst": "%akk-x-neoass:x=",
                  "f": {
                    "lang": "akk-x-neoass",
                    "form": "x"
                  }
                },
                {
                  "node": "l",
                  "frag": "x",
                  "id": "P335735.l02519",
                  "ref": "P335735.17.3",
                  "inst": "%akk-x-neoass:x=",
                  "f": {
                    "lang": "akk-x-neoass",
                    "form": "x"
                  }
                },
                {
                  "node": "l",
                  "frag": "x",
                  "id": "P335735.l0251a",
                  "ref": "P335735.17.4",
                  "inst": "%akk-x-neoass:x=",
                  "f": {
                    "lang": "akk-x-neoass",
                    "form": "x"
                  }
                },
                {
                  "node": "l",
                  "frag": "x",
                  "id": "P335735.l0251b",
                  "ref": "P335735.17.5",
                  "inst": "%akk-x-neoass:x=",
                  "f": {
                    "lang": "akk-x-neoass",
                    "form": "x"
                  }
                },
                {
                  "node": "l",
                  "frag": "x",
                  "id": "P335735.l0251c",
                  "ref": "P335735.17.6",
                  "inst": "%akk-x-neoass:x=",
                  "f": {
                    "lang": "akk-x-neoass",
                    "form": "x"
                  }
                },
                {
                  "node": "l",
                  "frag": "x]",
                  "id": "P335735.l0251d",
                  "ref": "P335735.17.7",
                  "inst": "%akk-x-neoass:x=",
                  "f": {
                    "lang": "akk-x-neoass",
                    "form": "x"
                  }
                },
                {
                  "node": "d",
                  "subtype": "bottom",
                  "type": "bottom",
                  "ref": "P335735.b.e..18",
                  "label": "b.e."
                },
                {
                  "node": "d",
                  "type": "nonx",
                  "ref": "P335735.19",
                  "strict": "0",
                  "state": "other"
                },
                {
                  "node": "d",
                  "subtype": "reverse",
                  "type": "reverse",
                  "ref": "P335735.r.20",
                  "label": "r"
                },
                {
                  "node": "d",
                  "type": "line-start",
                  "ref": "P335735.21",
                  "n": "1",
                  "label": "r 1"
                },
                {
                  "node": "l",
                  "frag": "06",
                  "id": "P335735.l0251e",
                  "ref": "P335735.21.1",
                  "inst": "%akk-x-neoass:06=",
                  "f": {
                    "lang": "akk-x-neoass",
                    "form": "06"
                  }
                },
                {
                  "node": "l",
                  "frag": "{kur}URI-[a.a]",
                  "id": "P335735.l0251f",
                  "ref": "P335735.21.2",
                  "inst": "%akk-x-neoass:{KUR}URI-a.a=",
                  "f": {
                    "lang": "akk-x-neoass",
                    "form": "{KUR}URI-a.a"
                  }
                },
                {
                  "node": "d",
                  "type": "nonx",
                  "ref": "P335735.22",
                  "strict": "1",
                  "extent": "1",
                  "scope": "line",
                  "state": "blank"
                },
                {
                  "node": "d",
                  "type": "line-start",
                  "ref": "P335735.23",
                  "n": "2",
                  "label": "r 2"
                },
                {
                  "node": "l",
                  "frag": "PAB",
                  "id": "P335735.l02520",
                  "ref": "P335735.23.1",
                  "inst": "%akk-x-neoass:PAB=",
                  "f": {
                    "lang": "akk-x-neoass",
                    "form": "PAB"
                  }
                },
                {
                  "node": "l",
                  "frag": "02",
                  "id": "P335735.l02521",
                  "ref": "P335735.23.2",
                  "inst": "%akk-x-neoass:02=",
                  "f": {
                    "lang": "akk-x-neoass",
                    "form": "02"
                  }
                },
                {
                  "node": "l",
                  "frag": "{lu₂v}[x",
                  "id": "P335735.l02522",
                  "ref": "P335735.23.3",
                  "inst": "%akk-x-neoass:{LU₂}x=",
                  "f": {
                    "lang": "akk-x-neoass",
                    "form": "{LU₂}x"
                  }
                },
                {
                  "node": "l",
                  "frag": "x",
                  "id": "P335735.l02523",
                  "ref": "P335735.23.4",
                  "inst": "%akk-x-neoass:x=",
                  "f": {
                    "lang": "akk-x-neoass",
                    "form": "x"
                  }
                },
                {
                  "node": "l",
                  "frag": "x]",
                  "id": "P335735.l02524",
                  "ref": "P335735.23.5",
                  "inst": "%akk-x-neoass:x=",
                  "f": {
                    "lang": "akk-x-neoass",
                    "form": "x"
                  }
                },
                {
                  "node": "d",
                  "type": "line-start",
                  "ref": "P335735.24",
                  "n": "3",
                  "label": "r 3"
                },
                {
                  "node": "l",
                  "frag": "72",
                  "id": "P335735.l02525",
                  "ref": "P335735.24.1",
                  "inst": "%akk-x-neoass:72=",
                  "f": {
                    "lang": "akk-x-neoass",
                    "form": "72"
                  }
                },
                {
                  "node": "l",
                  "frag": "ša",
                  "id": "P335735.l02526",
                  "ref": "P335735.24.2",
                  "inst": "%akk-x-neoass:ša=",
                  "f": {
                    "lang": "akk-x-neoass",
                    "form": "ša"
                  }
                },
                {
                  "node": "l",
                  "frag": "[x",
                  "id": "P335735.l02527",
                  "ref": "P335735.24.3",
                  "inst": "%akk-x-neoass:x=",
                  "f": {
                    "lang": "akk-x-neoass",
                    "form": "x"
                  }
                },
                {
                  "node": "l",
                  "frag": "x",
                  "id": "P335735.l02528",
                  "ref": "P335735.24.4",
                  "inst": "%akk-x-neoass:x=",
                  "f": {
                    "lang": "akk-x-neoass",
                    "form": "x"
                  }
                },
                {
                  "node": "l",
                  "frag": "x]",
                  "id": "P335735.l02529",
                  "ref": "P335735.24.5",
                  "inst": "%akk-x-neoass:x=",
                  "f": {
                    "lang": "akk-x-neoass",
                    "form": "x"
                  }
                },
                {
                  "node": "d",
                  "type": "line-start",
                  "ref": "P335735.25",
                  "n": "4",
                  "label": "r 4"
                },
                {
                  "node": "l",
                  "frag": "PAB",
                  "id": "P335735.l0252a",
                  "ref": "P335735.25.1",
                  "inst": "%akk-x-neoass:PAB=",
                  "f": {
                    "lang": "akk-x-neoass",
                    "form": "PAB"
                  }
                },
                {
                  "node": "l",
                  "frag": "74",
                  "id": "P335735.l0252b",
                  "ref": "P335735.25.2",
                  "inst": "%akk-x-neoass:74=",
                  "f": {
                    "lang": "akk-x-neoass",
                    "form": "74"
                  }
                },
                {
                  "node": "l",
                  "frag": "⸢ERIM⸣",
                  "id": "P335735.l0252c",
                  "ref": "P335735.25.3",
                  "inst": "%akk-x-neoass:ERIM=",
                  "f": {
                    "lang": "akk-x-neoass",
                    "form": "ERIM"
                  }
                },
                {
                  "node": "l",
                  "frag": "[ZI-MEŠ",
                  "id": "P335735.l0252d",
                  "ref": "P335735.25.4",
                  "inst": "%akk-x-neoass:ZI-MEŠ=",
                  "f": {
                    "lang": "akk-x-neoass",
                    "form": "ZI-MEŠ"
                  }
                },
                {
                  "node": "l",
                  "frag": "(x",
                  "id": "P335735.l0252e",
                  "ref": "P335735.25.5",
                  "inst": "%akk-x-neoass:x=",
                  "f": {
                    "lang": "akk-x-neoass",
                    "form": "x"
                  }
                },
                {
                  "node": "l",
                  "frag": "x)]",
                  "id": "P335735.l0252f",
                  "ref": "P335735.25.6",
                  "inst": "%akk-x-neoass:x=",
                  "f": {
                    "lang": "akk-x-neoass",
                    "form": "x"
                  }
                },
                {
                  "node": "d",
                  "type": "line-start",
                  "ref": "P335735.26",
                  "n": "5",
                  "label": "r 5"
                },
                {
                  "node": "l",
                  "frag": "01",
                  "id": "P335735.l02530",
                  "ref": "P335735.26.1",
                  "inst": "%akk-x-neoass:01=",
                  "f": {
                    "lang": "akk-x-neoass",
                    "form": "01"
                  }
                },
                {
                  "node": "l",
                  "frag": "DUMU",
                  "id": "P335735.l02531",
                  "ref": "P335735.26.2",
                  "inst": "%akk-x-neoass:DUMU=",
                  "f": {
                    "lang": "akk-x-neoass",
                    "form": "DUMU"
                  }
                },
                {
                  "node": "l",
                  "frag": "01",
                  "id": "P335735.l02532",
                  "ref": "P335735.26.3",
                  "inst": "%akk-x-neoass:01=",
                  "f": {
                    "lang": "akk-x-neoass",
                    "form": "01"
                  }
                },
                {
                  "node": "l",
                  "frag": "[x",
                  "id": "P335735.l02533",
                  "ref": "P335735.26.4",
                  "inst": "%akk-x-neoass:x=",
                  "f": {
                    "lang": "akk-x-neoass",
                    "form": "x"
                  }
                },
                {
                  "node": "l",
                  "frag": "x",
                  "id": "P335735.l02534",
                  "ref": "P335735.26.5",
                  "inst": "%akk-x-neoass:x=",
                  "f": {
                    "lang": "akk-x-neoass",
                    "form": "x"
                  }
                },
                {
                  "node": "l",
                  "frag": "x]",
                  "id": "P335735.l02535",
                  "ref": "P335735.26.6",
                  "inst": "%akk-x-neoass:x=",
                  "f": {
                    "lang": "akk-x-neoass",
                    "form": "x"
                  }
                },
                {
                  "node": "d",
                  "type": "line-start",
                  "ref": "P335735.27",
                  "n": "6",
                  "label": "r 6"
                },
                {
                  "node": "l",
                  "frag": "PAB",
                  "id": "P335735.l02536",
                  "ref": "P335735.27.1",
                  "inst": "%akk-x-neoass:PAB=",
                  "f": {
                    "lang": "akk-x-neoass",
                    "form": "PAB"
                  }
                },
                {
                  "node": "l",
                  "frag": "02",
                  "id": "P335735.l02537",
                  "ref": "P335735.27.2",
                  "inst": "%akk-x-neoass:02=",
                  "f": {
                    "lang": "akk-x-neoass",
                    "form": "02"
                  }
                },
                {
                  "node": "l",
                  "frag": "⸢DUMU⸣.[x",
                  "id": "P335735.l02538",
                  "ref": "P335735.27.3",
                  "inst": "%akk-x-neoass:DUMU.x=",
                  "f": {
                    "lang": "akk-x-neoass",
                    "form": "DUMU.x"
                  }
                },
                {
                  "node": "l",
                  "frag": "x]",
                  "id": "P335735.l02539",
                  "ref": "P335735.27.4",
                  "inst": "%akk-x-neoass:x=",
                  "f": {
                    "lang": "akk-x-neoass",
                    "form": "x"
                  }
                },
                {
                  "node": "d",
                  "type": "line-start",
                  "ref": "P335735.28",
                  "n": "7",
                  "label": "r 7"
                },
                {
                  "node": "l",
                  "frag": "PAB",
                  "id": "P335735.l0253a",
                  "ref": "P335735.28.1",
                  "inst": "%akk-x-neoass:PAB=",
                  "f": {
                    "lang": "akk-x-neoass",
                    "form": "PAB"
                  }
                },
                {
                  "node": "l",
                  "frag": "76",
                  "id": "P335735.l0253b",
                  "ref": "P335735.28.2",
                  "inst": "%akk-x-neoass:76=",
                  "f": {
                    "lang": "akk-x-neoass",
                    "form": "76"
                  }
                },
                {
                  "node": "l",
                  "frag": "ERIM-[MEŠ",
                  "id": "P335735.l0253c",
                  "ref": "P335735.28.3",
                  "inst": "%akk-x-neoass:ERIM-MEŠ=",
                  "f": {
                    "lang": "akk-x-neoass",
                    "form": "ERIM-MEŠ"
                  }
                },
                {
                  "node": "l",
                  "frag": "x",
                  "id": "P335735.l0253d",
                  "ref": "P335735.28.4",
                  "inst": "%akk-x-neoass:x=",
                  "f": {
                    "lang": "akk-x-neoass",
                    "form": "x"
                  }
                },
                {
                  "node": "l",
                  "frag": "x]",
                  "id": "P335735.l0253e",
                  "ref": "P335735.28.5",
                  "inst": "%akk-x-neoass:x=",
                  "f": {
                    "lang": "akk-x-neoass",
                    "form": "x"
                  }
                },
                {
                  "node": "d",
                  "type": "line-start",
                  "ref": "P335735.29",
                  "n": "8",
                  "label": "r 8"
                },
                {
                  "node": "l",
                  "frag": "07",
                  "id": "P335735.l0253f",
                  "ref": "P335735.29.1",
                  "inst": "%akk-x-neoass:07=",
                  "f": {
                    "lang": "akk-x-neoass",
                    "form": "07"
                  }
                },
                {
                  "node": "l",
                  "frag": "{mi₂}MEŠ",
                  "id": "P335735.l02540",
                  "ref": "P335735.29.2",
                  "inst": "%akk-x-neoass:{MI₂}MEŠ=",
                  "f": {
                    "lang": "akk-x-neoass",
                    "form": "{MI₂}MEŠ"
                  }
                },
                {
                  "node": "l",
                  "frag": "01",
                  "id": "P335735.l02541",
                  "ref": "P335735.29.3",
                  "inst": "%akk-x-neoass:01=",
                  "f": {
                    "lang": "akk-x-neoass",
                    "form": "01"
                  }
                },
                {
                  "node": "l",
                  "frag": "DUMU.MI₂]",
                  "id": "P335735.l02542",
                  "ref": "P335735.29.4",
                  "inst": "%akk-x-neoass:DUMU.MI₂=",
                  "f": {
                    "lang": "akk-x-neoass",
                    "form": "DUMU.MI₂"
                  }
                },
                {
                  "node": "d",
                  "type": "line-start",
                  "ref": "P335735.30",
                  "n": "9",
                  "label": "r 9"
                },
                {
                  "node": "l",
                  "frag": "PAB",
                  "id": "P335735.l02543",
                  "ref": "P335735.30.1",
                  "inst": "%akk-x-neoass:PAB=",
                  "f": {
                    "lang": "akk-x-neoass",
                    "form": "PAB"
                  }
                },
                {
                  "node": "l",
                  "frag": "08",
                  "id": "P335735.l02544",
                  "ref": "P335735.30.2",
                  "inst": "%akk-x-neoass:08=",
                  "f": {
                    "lang": "akk-x-neoass",
                    "form": "08"
                  }
                },
                {
                  "node": "l",
                  "frag": "MI₂-MEŠ",
                  "id": "P335735.l02545",
                  "ref": "P335735.30.3",
                  "inst": "%akk-x-neoass:MI₂-MEŠ=",
                  "f": {
                    "lang": "akk-x-neoass",
                    "form": "MI₂-MEŠ"
                  }
                },
                {
                  "node": "l",
                  "frag": "[o]",
                  "id": "P335735.l02546",
                  "ref": "P335735.30.4",
                  "inst": "%akk-x-neoass:o=",
                  "f": {
                    "lang": "akk-x-neoass",
                    "form": "o"
                  }
                },
                {
                  "node": "d",
                  "type": "line-start",
                  "ref": "P335735.31",
                  "n": "10",
                  "label": "r 10"
                },
                {
                  "node": "l",
                  "frag": "PAB",
                  "id": "P335735.l02547",
                  "ref": "P335735.31.1",
                  "inst": "%akk-x-neoass:PAB=",
                  "f": {
                    "lang": "akk-x-neoass",
                    "form": "PAB"
                  }
                },
                {
                  "node": "l",
                  "frag": "84",
                  "id": "P335735.l02548",
                  "ref": "P335735.31.2",
                  "inst": "%akk-x-neoass:84=",
                  "f": {
                    "lang": "akk-x-neoass",
                    "form": "84"
                  }
                },
                {
                  "node": "l",
                  "frag": "ERIM",
                  "id": "P335735.l02549",
                  "ref": "P335735.31.3",
                  "inst": "%akk-x-neoass:ERIM=",
                  "f": {
                    "lang": "akk-x-neoass",
                    "form": "ERIM"
                  }
                },
                {
                  "node": "l",
                  "frag": "⸢ZI⸣-[MEŠ]",
                  "id": "P335735.l0254a",
                  "ref": "P335735.31.4",
                  "inst": "%akk-x-neoass:ZI-MEŠ=",
                  "f": {
                    "lang": "akk-x-neoass",
                    "form": "ZI-MEŠ"
                  }
                },
                {
                  "node": "d",
                  "type": "nonx",
                  "ref": "P335735.32",
                  "strict": "0",
                  "extent": "rest",
                  "state": "other"
                }
              ]
            }
          ]
        }
      ]
    }
  ]
}
