{
  "type": "cdl",
  "source": "http://oracc.org/saao/saa11",
  "license": "This data is released under the CC0 license",
  "license-url": "https://creativecommons.org/publicdomain/zero/1.0/",
  "more-info": "http://oracc.org/doc/opendata/",
  "UTC-timestamp": "2017-06-10T00:49:45",
  "project": "saao/saa11",
  "textid": "P335588",
  "cdl": [
    {
      "node": "c",
      "type": "text",
      "id": "P335588.U0",
      "cdl": [
        {
          "node": "d",
          "type": "object",
          "ref": ""
        },
        {
          "node": "d",
          "subtype": "obverse",
          "type": "obverse",
          "ref": "P335588.o.1",
          "label": "o"
        },
        {
          "node": "d",
          "type": "nonx",
          "ref": "P335588.2",
          "strict": "0",
          "extent": "beginning",
          "state": "missing"
        },
        {
          "node": "c",
          "type": "discourse",
          "subtype": "body",
          "id": "P335588.U1",
          "cdl": [
            {
              "node": "c",
              "type": "sentence",
              "id": "P335588.U2",
              "label": "o 1' - r 7'",
              "cdl": [
                {
                  "node": "d",
                  "type": "line-start",
                  "ref": "P335588.3",
                  "n": "1'",
                  "label": "o 1'"
                },
                {
                  "node": "l",
                  "frag": "[x",
                  "id": "P335588.l00eca",
                  "ref": "P335588.3.1",
                  "inst": "%akk-x-neoass:x=",
                  "f": {
                    "lang": "akk-x-neoass",
                    "form": "x"
                  }
                },
                {
                  "node": "l",
                  "frag": "x]",
                  "id": "P335588.l00ecb",
                  "ref": "P335588.3.2",
                  "inst": "%akk-x-neoass:x=",
                  "f": {
                    "lang": "akk-x-neoass",
                    "form": "x"
                  }
                },
                {
                  "node": "l",
                  "frag": "⸢an⸣-ni-u",
                  "id": "P335588.l00ecc",
                  "ref": "P335588.3.3",
                  "inst": "%akk-x-neoass:an-ni-u=",
                  "f": {
                    "lang": "akk-x-neoass",
                    "form": "an-ni-u"
                  }
                },
                {
                  "node": "l",
                  "frag": "⸢me-x⸣+[x",
                  "id": "P335588.l00ecd",
                  "ref": "P335588.3.4",
                  "inst": "%akk-x-neoass:me-x+x=",
                  "f": {
                    "lang": "akk-x-neoass",
                    "form": "me-x+x"
                  }
                },
                {
                  "node": "l",
                  "frag": "x",
                  "id": "P335588.l00ece",
                  "ref": "P335588.3.5",
                  "inst": "%akk-x-neoass:x=",
                  "f": {
                    "lang": "akk-x-neoass",
                    "form": "x"
                  }
                },
                {
                  "node": "l",
                  "frag": "x]",
                  "id": "P335588.l00ecf",
                  "ref": "P335588.3.6",
                  "inst": "%akk-x-neoass:x=",
                  "f": {
                    "lang": "akk-x-neoass",
                    "form": "x"
                  }
                },
                {
                  "node": "d",
                  "type": "line-start",
                  "ref": "P335588.4",
                  "n": "2'",
                  "label": "o 2'"
                },
                {
                  "node": "l",
                  "frag": "[x",
                  "id": "P335588.l00ed0",
                  "ref": "P335588.4.1",
                  "inst": "%akk-x-neoass:x=",
                  "f": {
                    "lang": "akk-x-neoass",
                    "form": "x"
                  }
                },
                {
                  "node": "l",
                  "frag": "x]-⸢bi⸣-ru",
                  "id": "P335588.l00ed1",
                  "ref": "P335588.4.2",
                  "inst": "%akk-x-neoass:x-bi-ru=",
                  "f": {
                    "lang": "akk-x-neoass",
                    "form": "x-bi-ru"
                  }
                },
                {
                  "node": "l",
                  "frag": "u₂-ma-[x",
                  "id": "P335588.l00ed2",
                  "ref": "P335588.4.3",
                  "inst": "%akk-x-neoass:u₂-ma-x=",
                  "f": {
                    "lang": "akk-x-neoass",
                    "form": "u₂-ma-x"
                  }
                },
                {
                  "node": "l",
                  "frag": "x]",
                  "id": "P335588.l00ed3",
                  "ref": "P335588.4.4",
                  "inst": "%akk-x-neoass:x=",
                  "f": {
                    "lang": "akk-x-neoass",
                    "form": "x"
                  }
                },
                {
                  "node": "d",
                  "type": "line-start",
                  "ref": "P335588.5",
                  "n": "3'",
                  "label": "o 3'"
                },
                {
                  "node": "l",
                  "frag": "[x",
                  "id": "P335588.l00ed4",
                  "ref": "P335588.5.1",
                  "inst": "%akk-x-neoass:x=",
                  "f": {
                    "lang": "akk-x-neoass",
                    "form": "x"
                  }
                },
                {
                  "node": "l",
                  "frag": "e]-⸢tar⸣-ba",
                  "id": "P335588.l00ed5",
                  "ref": "P335588.5.2",
                  "inst": "%akk-x-neoass:e-tar-ba=",
                  "f": {
                    "lang": "akk-x-neoass",
                    "form": "e-tar-ba"
                  }
                },
                {
                  "node": "l",
                  "frag": "{iti}ŠU",
                  "id": "P335588.l00ed6",
                  "ref": "P335588.5.3",
                  "inst": "%akk-x-neoass:{ITI}ŠU=",
                  "f": {
                    "lang": "akk-x-neoass",
                    "form": "{ITI}ŠU"
                  }
                },
                {
                  "node": "l",
                  "frag": "⸢UD⸣-[x-KAM₂]",
                  "id": "P335588.l00ed7",
                  "ref": "P335588.5.4",
                  "inst": "%akk-x-neoass:UD-x-KAM₂=",
                  "f": {
                    "lang": "akk-x-neoass",
                    "form": "UD-x-KAM₂"
                  }
                },
                {
                  "node": "d",
                  "type": "line-start",
                  "ref": "P335588.6",
                  "n": "4'",
                  "label": "o 4'"
                },
                {
                  "node": "l",
                  "frag": "[lim]-⸢mu⸣",
                  "id": "P335588.l00ed8",
                  "ref": "P335588.6.1",
                  "inst": "%akk-x-neoass:lim-mu=",
                  "f": {
                    "lang": "akk-x-neoass",
                    "form": "lim-mu"
                  }
                },
                {
                  "node": "l",
                  "frag": "{1}DI-mu-EN-la-⸢aš₂⸣-[me]",
                  "id": "P335588.l00ed9",
                  "ref": "P335588.6.2",
                  "inst": "%akk-x-neoass:{1}DI-mu-EN-la-aš₂-me=",
                  "f": {
                    "lang": "akk-x-neoass",
                    "form": "{1}DI-mu-EN-la-aš₂-me"
                  }
                },
                {
                  "node": "d",
                  "type": "nonx",
                  "ref": "P335588.7",
                  "strict": "1",
                  "extent": "n",
                  "scope": "line",
                  "state": "ruling"
                },
                {
                  "node": "d",
                  "type": "line-start",
                  "ref": "P335588.8",
                  "n": "5'",
                  "label": "o 5'"
                },
                {
                  "node": "l",
                  "frag": "[x",
                  "id": "P335588.l00eda",
                  "ref": "P335588.8.1",
                  "inst": "%akk-x-neoass:x=",
                  "f": {
                    "lang": "akk-x-neoass",
                    "form": "x"
                  }
                },
                {
                  "node": "l",
                  "frag": "x]+⸢x⸣",
                  "id": "P335588.l00edb",
                  "ref": "P335588.8.2",
                  "inst": "%akk-x-neoass:x+x=",
                  "f": {
                    "lang": "akk-x-neoass",
                    "form": "x+x"
                  }
                },
                {
                  "node": "l",
                  "frag": "{še}PAD-MEŠ",
                  "id": "P335588.l00edc",
                  "ref": "P335588.8.3",
                  "inst": "%akk-x-neoass:{ŠE}PAD-MEŠ=",
                  "f": {
                    "lang": "akk-x-neoass",
                    "form": "{ŠE}PAD-MEŠ"
                  }
                },
                {
                  "node": "l",
                  "frag": "LAL-[e]",
                  "id": "P335588.l00edd",
                  "ref": "P335588.8.4",
                  "inst": "%akk-x-neoass:LAL-e=",
                  "f": {
                    "lang": "akk-x-neoass",
                    "form": "LAL-e"
                  }
                },
                {
                  "node": "d",
                  "type": "line-start",
                  "ref": "P335588.9",
                  "n": "6'",
                  "label": "o 6'"
                },
                {
                  "node": "l",
                  "frag": "[x",
                  "id": "P335588.l00ede",
                  "ref": "P335588.9.1",
                  "inst": "%akk-x-neoass:x=",
                  "f": {
                    "lang": "akk-x-neoass",
                    "form": "x"
                  }
                },
                {
                  "node": "l",
                  "frag": "x",
                  "id": "P335588.l00edf",
                  "ref": "P335588.9.2",
                  "inst": "%akk-x-neoass:x=",
                  "f": {
                    "lang": "akk-x-neoass",
                    "form": "x"
                  }
                },
                {
                  "node": "l",
                  "frag": "x",
                  "id": "P335588.l00ee0",
                  "ref": "P335588.9.3",
                  "inst": "%akk-x-neoass:x=",
                  "f": {
                    "lang": "akk-x-neoass",
                    "form": "x"
                  }
                },
                {
                  "node": "l",
                  "frag": "x",
                  "id": "P335588.l00ee1",
                  "ref": "P335588.9.4",
                  "inst": "%akk-x-neoass:x=",
                  "f": {
                    "lang": "akk-x-neoass",
                    "form": "x"
                  }
                },
                {
                  "node": "l",
                  "frag": "x]",
                  "id": "P335588.l00ee2",
                  "ref": "P335588.9.5",
                  "inst": "%akk-x-neoass:x=",
                  "f": {
                    "lang": "akk-x-neoass",
                    "form": "x"
                  }
                },
                {
                  "node": "l",
                  "frag": "⸢x",
                  "id": "P335588.l00ee3",
                  "ref": "P335588.9.6",
                  "inst": "%akk-x-neoass:x=",
                  "f": {
                    "lang": "akk-x-neoass",
                    "form": "x"
                  }
                },
                {
                  "node": "l",
                  "frag": "x⸣",
                  "id": "P335588.l00ee4",
                  "ref": "P335588.9.7",
                  "inst": "%akk-x-neoass:x=",
                  "f": {
                    "lang": "akk-x-neoass",
                    "form": "x"
                  }
                },
                {
                  "node": "l",
                  "frag": "[x",
                  "id": "P335588.l00ee5",
                  "ref": "P335588.9.8",
                  "inst": "%akk-x-neoass:x=",
                  "f": {
                    "lang": "akk-x-neoass",
                    "form": "x"
                  }
                },
                {
                  "node": "l",
                  "frag": "x",
                  "id": "P335588.l00ee6",
                  "ref": "P335588.9.9",
                  "inst": "%akk-x-neoass:x=",
                  "f": {
                    "lang": "akk-x-neoass",
                    "form": "x"
                  }
                },
                {
                  "node": "l",
                  "frag": "x]",
                  "id": "P335588.l00ee7",
                  "ref": "P335588.9.10",
                  "inst": "%akk-x-neoass:x=",
                  "f": {
                    "lang": "akk-x-neoass",
                    "form": "x"
                  }
                },
                {
                  "node": "d",
                  "type": "nonx",
                  "ref": "P335588.10",
                  "strict": "0",
                  "extent": "rest",
                  "state": "missing"
                },
                {
                  "node": "d",
                  "subtype": "reverse",
                  "type": "reverse",
                  "ref": "P335588.r.11",
                  "label": "r"
                },
                {
                  "node": "d",
                  "type": "nonx",
                  "ref": "P335588.12",
                  "strict": "0",
                  "extent": "beginning",
                  "state": "missing"
                },
                {
                  "node": "d",
                  "type": "line-start",
                  "ref": "P335588.13",
                  "n": "1'",
                  "label": "r 1'"
                },
                {
                  "node": "d",
                  "type": "cell-start"
                },
                {
                  "node": "l",
                  "frag": "[x",
                  "id": "P335588.l00ee8",
                  "ref": "P335588.13.1",
                  "inst": "%akk-x-neoass:x=",
                  "f": {
                    "lang": "akk-x-neoass",
                    "form": "x"
                  }
                },
                {
                  "node": "l",
                  "frag": "x",
                  "id": "P335588.l00ee9",
                  "ref": "P335588.13.2",
                  "inst": "%akk-x-neoass:x=",
                  "f": {
                    "lang": "akk-x-neoass",
                    "form": "x"
                  }
                },
                {
                  "node": "l",
                  "frag": "x",
                  "id": "P335588.l00eea",
                  "ref": "P335588.13.3",
                  "inst": "%akk-x-neoass:x=",
                  "f": {
                    "lang": "akk-x-neoass",
                    "form": "x"
                  }
                },
                {
                  "node": "l",
                  "frag": "x]",
                  "id": "P335588.l00eeb",
                  "ref": "P335588.13.4",
                  "inst": "%akk-x-neoass:x=",
                  "f": {
                    "lang": "akk-x-neoass",
                    "form": "x"
                  }
                },
                {
                  "node": "d",
                  "type": "cell-end"
                },
                {
                  "node": "d",
                  "type": "cell-start"
                },
                {
                  "node": "l",
                  "frag": "MUN",
                  "id": "P335588.l00eec",
                  "ref": "P335588.13.5",
                  "inst": "%akk-x-neoass:MUN=",
                  "f": {
                    "lang": "akk-x-neoass",
                    "form": "MUN"
                  }
                },
                {
                  "node": "l",
                  "frag": "[x",
                  "id": "P335588.l00eed",
                  "ref": "P335588.13.6",
                  "inst": "%akk-x-neoass:x=",
                  "f": {
                    "lang": "akk-x-neoass",
                    "form": "x"
                  }
                },
                {
                  "node": "l",
                  "frag": "x",
                  "id": "P335588.l00eee",
                  "ref": "P335588.13.7",
                  "inst": "%akk-x-neoass:x=",
                  "f": {
                    "lang": "akk-x-neoass",
                    "form": "x"
                  }
                },
                {
                  "node": "l",
                  "frag": "x",
                  "id": "P335588.l00eef",
                  "ref": "P335588.13.8",
                  "inst": "%akk-x-neoass:x=",
                  "f": {
                    "lang": "akk-x-neoass",
                    "form": "x"
                  }
                },
                {
                  "node": "l",
                  "frag": "x]",
                  "id": "P335588.l00ef0",
                  "ref": "P335588.13.9",
                  "inst": "%akk-x-neoass:x=",
                  "f": {
                    "lang": "akk-x-neoass",
                    "form": "x"
                  }
                },
                {
                  "node": "d",
                  "type": "cell-end"
                },
                {
                  "node": "d",
                  "type": "line-start",
                  "ref": "P335588.14",
                  "n": "2'",
                  "label": "r 2'"
                },
                {
                  "node": "d",
                  "type": "cell-start"
                },
                {
                  "node": "l",
                  "frag": "[x",
                  "id": "P335588.l00ef1",
                  "ref": "P335588.14.1",
                  "inst": "%akk-x-neoass:x=",
                  "f": {
                    "lang": "akk-x-neoass",
                    "form": "x"
                  }
                },
                {
                  "node": "l",
                  "frag": "x",
                  "id": "P335588.l00ef2",
                  "ref": "P335588.14.2",
                  "inst": "%akk-x-neoass:x=",
                  "f": {
                    "lang": "akk-x-neoass",
                    "form": "x"
                  }
                },
                {
                  "node": "l",
                  "frag": "x",
                  "id": "P335588.l00ef3",
                  "ref": "P335588.14.3",
                  "inst": "%akk-x-neoass:x=",
                  "f": {
                    "lang": "akk-x-neoass",
                    "form": "x"
                  }
                },
                {
                  "node": "l",
                  "frag": "x]+⸢x⸣",
                  "id": "P335588.l00ef4",
                  "ref": "P335588.14.4",
                  "inst": "%akk-x-neoass:x+x=",
                  "f": {
                    "lang": "akk-x-neoass",
                    "form": "x+x"
                  }
                },
                {
                  "node": "d",
                  "type": "cell-end"
                },
                {
                  "node": "d",
                  "type": "cell-start"
                },
                {
                  "node": "l",
                  "frag": "si",
                  "id": "P335588.l00ef5",
                  "ref": "P335588.14.5",
                  "inst": "%akk-x-neoass:si=",
                  "f": {
                    "lang": "akk-x-neoass",
                    "form": "si"
                  }
                },
                {
                  "node": "l",
                  "frag": "⸢x⸣+[x",
                  "id": "P335588.l00ef6",
                  "ref": "P335588.14.6",
                  "inst": "%akk-x-neoass:x+x=",
                  "f": {
                    "lang": "akk-x-neoass",
                    "form": "x+x"
                  }
                },
                {
                  "node": "l",
                  "frag": "x",
                  "id": "P335588.l00ef7",
                  "ref": "P335588.14.7",
                  "inst": "%akk-x-neoass:x=",
                  "f": {
                    "lang": "akk-x-neoass",
                    "form": "x"
                  }
                },
                {
                  "node": "l",
                  "frag": "x]",
                  "id": "P335588.l00ef8",
                  "ref": "P335588.14.8",
                  "inst": "%akk-x-neoass:x=",
                  "f": {
                    "lang": "akk-x-neoass",
                    "form": "x"
                  }
                },
                {
                  "node": "d",
                  "type": "cell-end"
                },
                {
                  "node": "d",
                  "type": "line-start",
                  "ref": "P335588.15",
                  "n": "3'",
                  "label": "r 3'"
                },
                {
                  "node": "d",
                  "type": "cell-start"
                },
                {
                  "node": "l",
                  "frag": "[x",
                  "id": "P335588.l00ef9",
                  "ref": "P335588.15.1",
                  "inst": "%akk-x-neoass:x=",
                  "f": {
                    "lang": "akk-x-neoass",
                    "form": "x"
                  }
                },
                {
                  "node": "l",
                  "frag": "x",
                  "id": "P335588.l00efa",
                  "ref": "P335588.15.2",
                  "inst": "%akk-x-neoass:x=",
                  "f": {
                    "lang": "akk-x-neoass",
                    "form": "x"
                  }
                },
                {
                  "node": "l",
                  "frag": "x",
                  "id": "P335588.l00efb",
                  "ref": "P335588.15.3",
                  "inst": "%akk-x-neoass:x=",
                  "f": {
                    "lang": "akk-x-neoass",
                    "form": "x"
                  }
                },
                {
                  "node": "l",
                  "frag": "x]+⸢x⸣",
                  "id": "P335588.l00efc",
                  "ref": "P335588.15.4",
                  "inst": "%akk-x-neoass:x+x=",
                  "f": {
                    "lang": "akk-x-neoass",
                    "form": "x+x"
                  }
                },
                {
                  "node": "d",
                  "type": "cell-end"
                },
                {
                  "node": "d",
                  "type": "cell-start"
                },
                {
                  "node": "l",
                  "frag": "kar-kar-[x",
                  "id": "P335588.l00efd",
                  "ref": "P335588.15.5",
                  "inst": "%akk-x-neoass:kar-kar-x=",
                  "f": {
                    "lang": "akk-x-neoass",
                    "form": "kar-kar-x"
                  }
                },
                {
                  "node": "l",
                  "frag": "x",
                  "id": "P335588.l00efe",
                  "ref": "P335588.15.6",
                  "inst": "%akk-x-neoass:x=",
                  "f": {
                    "lang": "akk-x-neoass",
                    "form": "x"
                  }
                },
                {
                  "node": "l",
                  "frag": "x]",
                  "id": "P335588.l00eff",
                  "ref": "P335588.15.7",
                  "inst": "%akk-x-neoass:x=",
                  "f": {
                    "lang": "akk-x-neoass",
                    "form": "x"
                  }
                },
                {
                  "node": "d",
                  "type": "cell-end"
                },
                {
                  "node": "d",
                  "type": "line-start",
                  "ref": "P335588.16",
                  "n": "4'",
                  "label": "r 4'"
                },
                {
                  "node": "d",
                  "type": "cell-start"
                },
                {
                  "node": "l",
                  "frag": "[x",
                  "id": "P335588.l00f00",
                  "ref": "P335588.16.1",
                  "inst": "%akk-x-neoass:x=",
                  "f": {
                    "lang": "akk-x-neoass",
                    "form": "x"
                  }
                },
                {
                  "node": "l",
                  "frag": "x",
                  "id": "P335588.l00f01",
                  "ref": "P335588.16.2",
                  "inst": "%akk-x-neoass:x=",
                  "f": {
                    "lang": "akk-x-neoass",
                    "form": "x"
                  }
                },
                {
                  "node": "l",
                  "frag": "x",
                  "id": "P335588.l00f02",
                  "ref": "P335588.16.3",
                  "inst": "%akk-x-neoass:x=",
                  "f": {
                    "lang": "akk-x-neoass",
                    "form": "x"
                  }
                },
                {
                  "node": "l",
                  "frag": "x]+⸢x⸣",
                  "id": "P335588.l00f03",
                  "ref": "P335588.16.4",
                  "inst": "%akk-x-neoass:x+x=",
                  "f": {
                    "lang": "akk-x-neoass",
                    "form": "x+x"
                  }
                },
                {
                  "node": "d",
                  "type": "cell-end"
                },
                {
                  "node": "d",
                  "type": "cell-start"
                },
                {
                  "node": "l",
                  "frag": "kar-šu",
                  "id": "P335588.l00f04",
                  "ref": "P335588.16.5",
                  "inst": "%akk-x-neoass:kar-šu=",
                  "f": {
                    "lang": "akk-x-neoass",
                    "form": "kar-šu"
                  }
                },
                {
                  "node": "l",
                  "frag": "[x",
                  "id": "P335588.l00f05",
                  "ref": "P335588.16.6",
                  "inst": "%akk-x-neoass:x=",
                  "f": {
                    "lang": "akk-x-neoass",
                    "form": "x"
                  }
                },
                {
                  "node": "l",
                  "frag": "x",
                  "id": "P335588.l00f06",
                  "ref": "P335588.16.7",
                  "inst": "%akk-x-neoass:x=",
                  "f": {
                    "lang": "akk-x-neoass",
                    "form": "x"
                  }
                },
                {
                  "node": "l",
                  "frag": "x",
                  "id": "P335588.l00f07",
                  "ref": "P335588.16.8",
                  "inst": "%akk-x-neoass:x=",
                  "f": {
                    "lang": "akk-x-neoass",
                    "form": "x"
                  }
                },
                {
                  "node": "l",
                  "frag": "x]",
                  "id": "P335588.l00f08",
                  "ref": "P335588.16.9",
                  "inst": "%akk-x-neoass:x=",
                  "f": {
                    "lang": "akk-x-neoass",
                    "form": "x"
                  }
                },
                {
                  "node": "d",
                  "type": "cell-end"
                },
                {
                  "node": "d",
                  "type": "line-start",
                  "ref": "P335588.17",
                  "n": "5'",
                  "label": "r 5'"
                },
                {
                  "node": "d",
                  "type": "cell-start"
                },
                {
                  "node": "l",
                  "frag": "[x",
                  "id": "P335588.l00f09",
                  "ref": "P335588.17.1",
                  "inst": "%akk-x-neoass:x=",
                  "f": {
                    "lang": "akk-x-neoass",
                    "form": "x"
                  }
                },
                {
                  "node": "l",
                  "frag": "x",
                  "id": "P335588.l00f0a",
                  "ref": "P335588.17.2",
                  "inst": "%akk-x-neoass:x=",
                  "f": {
                    "lang": "akk-x-neoass",
                    "form": "x"
                  }
                },
                {
                  "node": "l",
                  "frag": "x",
                  "id": "P335588.l00f0b",
                  "ref": "P335588.17.3",
                  "inst": "%akk-x-neoass:x=",
                  "f": {
                    "lang": "akk-x-neoass",
                    "form": "x"
                  }
                },
                {
                  "node": "l",
                  "frag": "x]+⸢x⸣",
                  "id": "P335588.l00f0c",
                  "ref": "P335588.17.4",
                  "inst": "%akk-x-neoass:x+x=",
                  "f": {
                    "lang": "akk-x-neoass",
                    "form": "x+x"
                  }
                },
                {
                  "node": "d",
                  "type": "cell-end"
                },
                {
                  "node": "d",
                  "type": "cell-start"
                },
                {
                  "node": "l",
                  "frag": "ka-mu-⸢nu⸣",
                  "id": "P335588.l00f0d",
                  "ref": "P335588.17.5",
                  "inst": "%akk-x-neoass:ka-mu-nu=",
                  "f": {
                    "lang": "akk-x-neoass",
                    "form": "ka-mu-nu"
                  }
                },
                {
                  "node": "l",
                  "frag": "[x",
                  "id": "P335588.l00f0e",
                  "ref": "P335588.17.6",
                  "inst": "%akk-x-neoass:x=",
                  "f": {
                    "lang": "akk-x-neoass",
                    "form": "x"
                  }
                },
                {
                  "node": "l",
                  "frag": "x]",
                  "id": "P335588.l00f0f",
                  "ref": "P335588.17.7",
                  "inst": "%akk-x-neoass:x=",
                  "f": {
                    "lang": "akk-x-neoass",
                    "form": "x"
                  }
                },
                {
                  "node": "d",
                  "type": "cell-end"
                },
                {
                  "node": "d",
                  "type": "line-start",
                  "ref": "P335588.18",
                  "n": "6'",
                  "label": "r 6'"
                },
                {
                  "node": "d",
                  "type": "cell-start"
                },
                {
                  "node": "l",
                  "frag": "[x",
                  "id": "P335588.l00f10",
                  "ref": "P335588.18.1",
                  "inst": "%akk-x-neoass:x=",
                  "f": {
                    "lang": "akk-x-neoass",
                    "form": "x"
                  }
                },
                {
                  "node": "l",
                  "frag": "x",
                  "id": "P335588.l00f11",
                  "ref": "P335588.18.2",
                  "inst": "%akk-x-neoass:x=",
                  "f": {
                    "lang": "akk-x-neoass",
                    "form": "x"
                  }
                },
                {
                  "node": "l",
                  "frag": "x",
                  "id": "P335588.l00f12",
                  "ref": "P335588.18.3",
                  "inst": "%akk-x-neoass:x=",
                  "f": {
                    "lang": "akk-x-neoass",
                    "form": "x"
                  }
                },
                {
                  "node": "l",
                  "frag": "x]+⸢x⸣",
                  "id": "P335588.l00f13",
                  "ref": "P335588.18.4",
                  "inst": "%akk-x-neoass:x+x=",
                  "f": {
                    "lang": "akk-x-neoass",
                    "form": "x+x"
                  }
                },
                {
                  "node": "d",
                  "type": "cell-end"
                },
                {
                  "node": "d",
                  "type": "cell-start"
                },
                {
                  "node": "l",
                  "frag": "mu-sa-me-[x",
                  "id": "P335588.l00f14",
                  "ref": "P335588.18.5",
                  "inst": "%akk-x-neoass:mu-sa-me-x=",
                  "f": {
                    "lang": "akk-x-neoass",
                    "form": "mu-sa-me-x"
                  }
                },
                {
                  "node": "l",
                  "frag": "x",
                  "id": "P335588.l00f15",
                  "ref": "P335588.18.6",
                  "inst": "%akk-x-neoass:x=",
                  "f": {
                    "lang": "akk-x-neoass",
                    "form": "x"
                  }
                },
                {
                  "node": "l",
                  "frag": "x]",
                  "id": "P335588.l00f16",
                  "ref": "P335588.18.7",
                  "inst": "%akk-x-neoass:x=",
                  "f": {
                    "lang": "akk-x-neoass",
                    "form": "x"
                  }
                },
                {
                  "node": "d",
                  "type": "cell-end"
                },
                {
                  "node": "d",
                  "type": "line-start",
                  "ref": "P335588.19",
                  "n": "7'",
                  "label": "r 7'"
                },
                {
                  "node": "d",
                  "type": "cell-start"
                },
                {
                  "node": "l",
                  "frag": "[x",
                  "id": "P335588.l00f17",
                  "ref": "P335588.19.1",
                  "inst": "%akk-x-neoass:x=",
                  "f": {
                    "lang": "akk-x-neoass",
                    "form": "x"
                  }
                },
                {
                  "node": "l",
                  "frag": "x",
                  "id": "P335588.l00f18",
                  "ref": "P335588.19.2",
                  "inst": "%akk-x-neoass:x=",
                  "f": {
                    "lang": "akk-x-neoass",
                    "form": "x"
                  }
                },
                {
                  "node": "l",
                  "frag": "x",
                  "id": "P335588.l00f19",
                  "ref": "P335588.19.3",
                  "inst": "%akk-x-neoass:x=",
                  "f": {
                    "lang": "akk-x-neoass",
                    "form": "x"
                  }
                },
                {
                  "node": "l",
                  "frag": "x",
                  "id": "P335588.l00f1a",
                  "ref": "P335588.19.4",
                  "inst": "%akk-x-neoass:x=",
                  "f": {
                    "lang": "akk-x-neoass",
                    "form": "x"
                  }
                },
                {
                  "node": "l",
                  "frag": "x",
                  "id": "P335588.l00f1b",
                  "ref": "P335588.19.5",
                  "inst": "%akk-x-neoass:x=",
                  "f": {
                    "lang": "akk-x-neoass",
                    "form": "x"
                  }
                },
                {
                  "node": "l",
                  "frag": "x]",
                  "id": "P335588.l00f1c",
                  "ref": "P335588.19.6",
                  "inst": "%akk-x-neoass:x=",
                  "f": {
                    "lang": "akk-x-neoass",
                    "form": "x"
                  }
                },
                {
                  "node": "d",
                  "type": "cell-end"
                },
                {
                  "node": "d",
                  "type": "cell-start"
                },
                {
                  "node": "l",
                  "frag": "⸢x",
                  "id": "P335588.l00f1d",
                  "ref": "P335588.19.7",
                  "inst": "%akk-x-neoass:x=",
                  "f": {
                    "lang": "akk-x-neoass",
                    "form": "x"
                  }
                },
                {
                  "node": "l",
                  "frag": "x⸣",
                  "id": "P335588.l00f1e",
                  "ref": "P335588.19.8",
                  "inst": "%akk-x-neoass:x=",
                  "f": {
                    "lang": "akk-x-neoass",
                    "form": "x"
                  }
                },
                {
                  "node": "l",
                  "frag": "[x",
                  "id": "P335588.l00f1f",
                  "ref": "P335588.19.9",
                  "inst": "%akk-x-neoass:x=",
                  "f": {
                    "lang": "akk-x-neoass",
                    "form": "x"
                  }
                },
                {
                  "node": "l",
                  "frag": "x",
                  "id": "P335588.l00f20",
                  "ref": "P335588.19.10",
                  "inst": "%akk-x-neoass:x=",
                  "f": {
                    "lang": "akk-x-neoass",
                    "form": "x"
                  }
                },
                {
                  "node": "l",
                  "frag": "x]",
                  "id": "P335588.l00f21",
                  "ref": "P335588.19.11",
                  "inst": "%akk-x-neoass:x=",
                  "f": {
                    "lang": "akk-x-neoass",
                    "form": "x"
                  }
                },
                {
                  "node": "d",
                  "type": "cell-end"
                },
                {
                  "node": "d",
                  "type": "nonx",
                  "ref": "P335588.20",
                  "strict": "0",
                  "extent": "rest",
                  "state": "missing"
                }
              ]
            }
          ]
        }
      ]
    }
  ]
}
