{
  "type": "cdl",
  "source": "http://oracc.org/saao/saa11",
  "license": "This data is released under the CC0 license",
  "license-url": "https://creativecommons.org/publicdomain/zero/1.0/",
  "more-info": "http://oracc.org/doc/opendata/",
  "UTC-timestamp": "2017-06-10T00:49:51",
  "project": "saao/saa11",
  "textid": "P335733",
  "cdl": [
    {
      "node": "c",
      "type": "text",
      "id": "P335733.U0",
      "cdl": [
        {
          "node": "d",
          "type": "object",
          "ref": ""
        },
        {
          "node": "d",
          "subtype": "obverse",
          "type": "obverse",
          "ref": "P335733.o.1",
          "label": "o"
        },
        {
          "node": "c",
          "type": "discourse",
          "subtype": "body",
          "id": "P335733.U1",
          "cdl": [
            {
              "node": "c",
              "type": "sentence",
              "id": "P335733.U2",
              "label": "o 1 - r 4",
              "cdl": [
                {
                  "node": "d",
                  "type": "line-start",
                  "ref": "P335733.2",
                  "n": "1",
                  "label": "o 1"
                },
                {
                  "node": "l",
                  "frag": "[o]",
                  "id": "P335733.l028fe",
                  "ref": "P335733.2.1",
                  "inst": "%akk-x-neoass:o=",
                  "f": {
                    "lang": "akk-x-neoass",
                    "form": "o"
                  }
                },
                {
                  "node": "l",
                  "frag": "⸢PAB⸣",
                  "id": "P335733.l028ff",
                  "ref": "P335733.2.2",
                  "inst": "%akk-x-neoass:PAB=",
                  "f": {
                    "lang": "akk-x-neoass",
                    "form": "PAB"
                  }
                },
                {
                  "node": "l",
                  "frag": "03",
                  "id": "P335733.l02900",
                  "ref": "P335733.2.3",
                  "inst": "%akk-x-neoass:03=",
                  "f": {
                    "lang": "akk-x-neoass",
                    "form": "03"
                  }
                },
                {
                  "node": "l",
                  "frag": "{1}15--u₂-⸢zu-uz⸣-na-⸢ši⸣",
                  "id": "P335733.l02901",
                  "ref": "P335733.2.4",
                  "inst": "%akk-x-neoass:{1}15-u₂-zu-uz-na-ši=",
                  "f": {
                    "lang": "akk-x-neoass",
                    "form": "{1}15-u₂-zu-uz-na-ši"
                  }
                },
                {
                  "node": "d",
                  "type": "line-start",
                  "ref": "P335733.3",
                  "n": "2",
                  "label": "o 2"
                },
                {
                  "node": "l",
                  "frag": "[o]",
                  "id": "P335733.l02902",
                  "ref": "P335733.3.1",
                  "inst": "%akk-x-neoass:o=",
                  "f": {
                    "lang": "akk-x-neoass",
                    "form": "o"
                  }
                },
                {
                  "node": "l",
                  "frag": "{1}aš-šur-EN-LAL",
                  "id": "P335733.l02903",
                  "ref": "P335733.3.2",
                  "inst": "%akk-x-neoass:{1}aš-šur-EN-LAL=",
                  "f": {
                    "lang": "akk-x-neoass",
                    "form": "{1}aš-šur-EN-LAL"
                  }
                },
                {
                  "node": "l",
                  "frag": "{1}ga-lul",
                  "id": "P335733.l02904",
                  "ref": "P335733.3.3",
                  "inst": "%akk-x-neoass:{1}ga-lul=",
                  "f": {
                    "lang": "akk-x-neoass",
                    "form": "{1}ga-lul"
                  }
                },
                {
                  "node": "d",
                  "type": "line-start",
                  "ref": "P335733.4",
                  "n": "3",
                  "label": "o 3"
                },
                {
                  "node": "l",
                  "frag": "[o]",
                  "id": "P335733.l02905",
                  "ref": "P335733.4.1",
                  "inst": "%akk-x-neoass:o=",
                  "f": {
                    "lang": "akk-x-neoass",
                    "form": "o"
                  }
                },
                {
                  "node": "l",
                  "frag": "{1}15--tuk-lat",
                  "id": "P335733.l02906",
                  "ref": "P335733.4.2",
                  "inst": "%akk-x-neoass:{1}15-tuk-lat=",
                  "f": {
                    "lang": "akk-x-neoass",
                    "form": "{1}15-tuk-lat"
                  }
                },
                {
                  "node": "l",
                  "frag": "PAB",
                  "id": "P335733.l02907",
                  "ref": "P335733.4.3",
                  "inst": "%akk-x-neoass:PAB=",
                  "f": {
                    "lang": "akk-x-neoass",
                    "form": "PAB"
                  }
                },
                {
                  "node": "l",
                  "frag": "03",
                  "id": "P335733.l02908",
                  "ref": "P335733.4.4",
                  "inst": "%akk-x-neoass:03=",
                  "f": {
                    "lang": "akk-x-neoass",
                    "form": "03"
                  }
                },
                {
                  "node": "l",
                  "frag": "A-[x]",
                  "id": "P335733.l02909",
                  "ref": "P335733.4.5",
                  "inst": "%akk-x-neoass:A-x=",
                  "f": {
                    "lang": "akk-x-neoass",
                    "form": "A-x"
                  }
                },
                {
                  "node": "d",
                  "type": "line-start",
                  "ref": "P335733.5",
                  "n": "4",
                  "label": "o 4"
                },
                {
                  "node": "l",
                  "frag": "[o]",
                  "id": "P335733.l0290a",
                  "ref": "P335733.5.1",
                  "inst": "%akk-x-neoass:o=",
                  "f": {
                    "lang": "akk-x-neoass",
                    "form": "o"
                  }
                },
                {
                  "node": "l",
                  "frag": "{1}⸢U.GUR⸣-KALAG-an",
                  "id": "P335733.l0290b",
                  "ref": "P335733.5.2",
                  "inst": "%akk-x-neoass:{1}U.GUR-KALAG-an=",
                  "f": {
                    "lang": "akk-x-neoass",
                    "form": "{1}U.GUR-KALAG-an"
                  }
                },
                {
                  "node": "l",
                  "frag": "{1}in-[x]",
                  "id": "P335733.l0290c",
                  "ref": "P335733.5.3",
                  "inst": "%akk-x-neoass:{1}in-x=",
                  "f": {
                    "lang": "akk-x-neoass",
                    "form": "{1}in-x"
                  }
                },
                {
                  "node": "d",
                  "type": "line-start",
                  "ref": "P335733.6",
                  "n": "5",
                  "label": "o 5"
                },
                {
                  "node": "l",
                  "frag": "[o]",
                  "id": "P335733.l0290d",
                  "ref": "P335733.6.1",
                  "inst": "%akk-x-neoass:o=",
                  "f": {
                    "lang": "akk-x-neoass",
                    "form": "o"
                  }
                },
                {
                  "node": "l",
                  "frag": "PAB",
                  "id": "P335733.l0290e",
                  "ref": "P335733.6.2",
                  "inst": "%akk-x-neoass:PAB=",
                  "f": {
                    "lang": "akk-x-neoass",
                    "form": "PAB"
                  }
                },
                {
                  "node": "l",
                  "frag": "02",
                  "id": "P335733.l0290f",
                  "ref": "P335733.6.3",
                  "inst": "%akk-x-neoass:02=",
                  "f": {
                    "lang": "akk-x-neoass",
                    "form": "02"
                  }
                },
                {
                  "node": "l",
                  "frag": "{1}aš-šur-EN-LAL",
                  "id": "P335733.l02910",
                  "ref": "P335733.6.4",
                  "inst": "%akk-x-neoass:{1}aš-šur-EN-LAL=",
                  "f": {
                    "lang": "akk-x-neoass",
                    "form": "{1}aš-šur-EN-LAL"
                  }
                },
                {
                  "node": "d",
                  "subtype": "bottom",
                  "type": "bottom",
                  "ref": "P335733.b.e..7",
                  "label": "b.e."
                },
                {
                  "node": "d",
                  "type": "line-start",
                  "ref": "P335733.8",
                  "n": "6",
                  "label": "b.e. 6"
                },
                {
                  "node": "l",
                  "frag": "[ina]",
                  "id": "P335733.l02911",
                  "ref": "P335733.8.1",
                  "inst": "%akk-x-neoass:ina=",
                  "f": {
                    "lang": "akk-x-neoass",
                    "form": "ina"
                  }
                },
                {
                  "node": "l",
                  "frag": "⸢ŠU⸣.2",
                  "id": "P335733.l02912",
                  "ref": "P335733.8.2",
                  "inst": "%akk-x-neoass:ŠU.2=",
                  "f": {
                    "lang": "akk-x-neoass",
                    "form": "ŠU.2"
                  }
                },
                {
                  "node": "l",
                  "frag": "{1}PAB-bu-u",
                  "id": "P335733.l02913",
                  "ref": "P335733.8.3",
                  "inst": "%akk-x-neoass:{1}PAB-bu-u=",
                  "f": {
                    "lang": "akk-x-neoass",
                    "form": "{1}PAB-bu-u"
                  }
                },
                {
                  "node": "l",
                  "frag": "GAL-50",
                  "id": "P335733.l02914",
                  "ref": "P335733.8.4",
                  "inst": "%akk-x-neoass:GAL-50=",
                  "f": {
                    "lang": "akk-x-neoass",
                    "form": "GAL-50"
                  }
                },
                {
                  "node": "l",
                  "frag": "⸢x⸣",
                  "id": "P335733.l02915",
                  "ref": "P335733.8.5",
                  "inst": "%akk-x-neoass:x=",
                  "f": {
                    "lang": "akk-x-neoass",
                    "form": "x"
                  }
                },
                {
                  "node": "l",
                  "frag": "{1}a-zar₄-ia-u",
                  "id": "P335733.l02916",
                  "ref": "P335733.8.6",
                  "inst": "%akk-x-neoass:{1}a-zar₄-ia-u=",
                  "f": {
                    "lang": "akk-x-neoass",
                    "form": "{1}a-zar₄-ia-u"
                  }
                },
                {
                  "node": "d",
                  "subtype": "reverse",
                  "type": "reverse",
                  "ref": "P335733.r.9",
                  "label": "r"
                },
                {
                  "node": "d",
                  "type": "line-start",
                  "ref": "P335733.10",
                  "n": "1",
                  "label": "r 1"
                },
                {
                  "node": "l",
                  "frag": "[x",
                  "id": "P335733.l02917",
                  "ref": "P335733.10.1",
                  "inst": "%akk-x-neoass:x=",
                  "f": {
                    "lang": "akk-x-neoass",
                    "form": "x"
                  }
                },
                {
                  "node": "l",
                  "frag": "x]-MAN",
                  "id": "P335733.l02918",
                  "ref": "P335733.10.2",
                  "inst": "%akk-x-neoass:x-MAN=",
                  "f": {
                    "lang": "akk-x-neoass",
                    "form": "x-MAN"
                  }
                },
                {
                  "node": "l",
                  "frag": "GAL-A.ZU",
                  "id": "P335733.l02919",
                  "ref": "P335733.10.3",
                  "inst": "%akk-x-neoass:GAL-A.ZU=",
                  "f": {
                    "lang": "akk-x-neoass",
                    "form": "GAL-A.ZU"
                  }
                },
                {
                  "node": "d",
                  "type": "line-start",
                  "ref": "P335733.11",
                  "n": "2",
                  "label": "r 2"
                },
                {
                  "node": "l",
                  "frag": "[PAB]",
                  "id": "P335733.l0291a",
                  "ref": "P335733.11.1",
                  "inst": "%akk-x-neoass:PAB=",
                  "f": {
                    "lang": "akk-x-neoass",
                    "form": "PAB"
                  }
                },
                {
                  "node": "l",
                  "frag": "03",
                  "id": "P335733.l0291b",
                  "ref": "P335733.11.2",
                  "inst": "%akk-x-neoass:03=",
                  "f": {
                    "lang": "akk-x-neoass",
                    "form": "03"
                  }
                },
                {
                  "node": "l",
                  "frag": "{1}{d}UTU-ZALAG₂",
                  "id": "P335733.l0291c",
                  "ref": "P335733.11.3",
                  "inst": "%akk-x-neoass:{1}{d}UTU-ZALAG₂=",
                  "f": {
                    "lang": "akk-x-neoass",
                    "form": "{1}{d}UTU-ZALAG₂"
                  }
                },
                {
                  "node": "d",
                  "type": "line-start",
                  "ref": "P335733.12",
                  "n": "3",
                  "label": "r 3"
                },
                {
                  "node": "l",
                  "frag": "[o",
                  "id": "P335733.l0291d",
                  "ref": "P335733.12.1",
                  "inst": "%akk-x-neoass:o=",
                  "f": {
                    "lang": "akk-x-neoass",
                    "form": "o"
                  }
                },
                {
                  "node": "l",
                  "frag": "{1}TI-MAN-MEŠ-ni",
                  "id": "P335733.l0291e",
                  "ref": "P335733.12.2",
                  "inst": "%akk-x-neoass:{1}TI-MAN-MEŠ-ni=",
                  "f": {
                    "lang": "akk-x-neoass",
                    "form": "{1}TI-MAN-MEŠ-ni"
                  }
                },
                {
                  "node": "d",
                  "type": "line-start",
                  "ref": "P335733.13",
                  "n": "4",
                  "label": "r 4"
                },
                {
                  "node": "l",
                  "frag": "[o]",
                  "id": "P335733.l0291f",
                  "ref": "P335733.13.1",
                  "inst": "%akk-x-neoass:o=",
                  "f": {
                    "lang": "akk-x-neoass",
                    "form": "o"
                  }
                },
                {
                  "node": "l",
                  "frag": "{1}uz-na-aʾ",
                  "id": "P335733.l02920",
                  "ref": "P335733.13.2",
                  "inst": "%akk-x-neoass:{1}uz-na-aʾ=",
                  "f": {
                    "lang": "akk-x-neoass",
                    "form": "{1}uz-na-aʾ"
                  }
                }
              ]
            }
          ]
        }
      ]
    }
  ]
}
