{
  "type": "cdl",
  "source": "http://oracc.org/saao/saa11",
  "license": "This data is released under the CC0 license",
  "license-url": "https://creativecommons.org/publicdomain/zero/1.0/",
  "more-info": "http://oracc.org/doc/opendata/",
  "UTC-timestamp": "2017-06-10T00:49:51",
  "project": "saao/saa11",
  "textid": "P336694",
  "cdl": [
    {
      "node": "c",
      "type": "text",
      "id": "P336694.U0",
      "cdl": [
        {
          "node": "d",
          "type": "object",
          "ref": ""
        },
        {
          "node": "d",
          "type": "surface",
          "ref": ""
        },
        {
          "node": "c",
          "type": "discourse",
          "subtype": "body",
          "id": "P336694.U1",
          "cdl": [
            {
              "node": "c",
              "type": "sentence",
              "id": "P336694.U2",
              "label": "1 - 1",
              "cdl": [
                {
                  "node": "d",
                  "type": "line-start",
                  "ref": "P336694.1",
                  "n": "1",
                  "label": "1"
                },
                {
                  "node": "l",
                  "frag": "{kur}qu-e",
                  "id": "P336694.l00fd8",
                  "ref": "P336694.1.1",
                  "inst": "%akk-x-neoass:{KUR}qu-e=",
                  "f": {
                    "lang": "akk-x-neoass",
                    "form": "{KUR}qu-e"
                  }
                }
              ]
            }
          ]
        }
      ]
    }
  ]
}
