{
  "type": "corpus",
  "project": "saao/saa13",
  "source": "http://oracc.org/saao/saa13",
  "license": "This data is released under the CC0 license",
  "license-url": "https://creativecommons.org/publicdomain/zero/1.0/",
  "more-info": "http://oracc.org/doc/opendata/",
  "UTC-timestamp": "2017-06-21T23:39:37",
  "members": {
    "P236996": "corpusjson/P236996.json",
    "P237235": "corpusjson/P237235.json",
    "P237242": "corpusjson/P237242.json",
    "P237244": "corpusjson/P237244.json",
    "P237663": "corpusjson/P237663.json",
    "P237672": "corpusjson/P237672.json",
    "P237678": "corpusjson/P237678.json",
    "P237815": "corpusjson/P237815.json",
    "P237825": "corpusjson/P237825.json",
    "P237841": "corpusjson/P237841.json",
    "P238356": "corpusjson/P238356.json",
    "P238658": "corpusjson/P238658.json",
    "P238742": "corpusjson/P238742.json",
    "P285572": "corpusjson/P285572.json",
    "P285573": "corpusjson/P285573.json",
    "P285574": "corpusjson/P285574.json",
    "P313426": "corpusjson/P313426.json",
    "P313433": "corpusjson/P313433.json",
    "P313456": "corpusjson/P313456.json",
    "P313466": "corpusjson/P313466.json",
    "P313475": "corpusjson/P313475.json",
    "P313544": "corpusjson/P313544.json",
    "P313556": "corpusjson/P313556.json",
    "P313580": "corpusjson/P313580.json",
    "P313608": "corpusjson/P313608.json",
    "P313638": "corpusjson/P313638.json",
    "P313650": "corpusjson/P313650.json",
    "P313661": "corpusjson/P313661.json",
    "P313696": "corpusjson/P313696.json",
    "P313712": "corpusjson/P313712.json",
    "P313731": "corpusjson/P313731.json",
    "P313763": "corpusjson/P313763.json",
    "P313804": "corpusjson/P313804.json",
    "P313819": "corpusjson/P313819.json",
    "P313826": "corpusjson/P313826.json",
    "P313831": "corpusjson/P313831.json",
    "P313838": "corpusjson/P313838.json",
    "P313847": "corpusjson/P313847.json",
    "P313865": "corpusjson/P313865.json",
    "P313913": "corpusjson/P313913.json",
    "P313929": "corpusjson/P313929.json",
    "P313933": "corpusjson/P313933.json",
    "P313956": "corpusjson/P313956.json",
    "P313971": "corpusjson/P313971.json",
    "P314013": "corpusjson/P314013.json",
    "P314034": "corpusjson/P314034.json",
    "P314047": "corpusjson/P314047.json",
    "P314065": "corpusjson/P314065.json",
    "P314074": "corpusjson/P314074.json",
    "P314092": "corpusjson/P314092.json",
    "P314148": "corpusjson/P314148.json",
    "P314169": "corpusjson/P314169.json",
    "P314220": "corpusjson/P314220.json",
    "P314255": "corpusjson/P314255.json",
    "P314285": "corpusjson/P314285.json",
    "P314299": "corpusjson/P314299.json",
    "P314305": "corpusjson/P314305.json",
    "P314308": "corpusjson/P314308.json",
    "P314310": "corpusjson/P314310.json",
    "P314314": "corpusjson/P314314.json",
    "P314315": "corpusjson/P314315.json",
    "P314318": "corpusjson/P314318.json",
    "P314330": "corpusjson/P314330.json",
    "P314334": "corpusjson/P314334.json",
    "P314358": "corpusjson/P314358.json",
    "P314366": "corpusjson/P314366.json",
    "P314368": "corpusjson/P314368.json",
    "P314374": "corpusjson/P314374.json",
    "P314378": "corpusjson/P314378.json",
    "P334011": "corpusjson/P334011.json",
    "P334012": "corpusjson/P334012.json",
    "P334014": "corpusjson/P334014.json",
    "P334015": "corpusjson/P334015.json",
    "P334016": "corpusjson/P334016.json",
    "P334017": "corpusjson/P334017.json",
    "P334018": "corpusjson/P334018.json",
    "P334019": "corpusjson/P334019.json",
    "P334021": "corpusjson/P334021.json",
    "P334022": "corpusjson/P334022.json",
    "P334061": "corpusjson/P334061.json",
    "P334062": "corpusjson/P334062.json",
    "P334063": "corpusjson/P334063.json",
    "P334064": "corpusjson/P334064.json",
    "P334067": "corpusjson/P334067.json",
    "P334068": "corpusjson/P334068.json",
    "P334095": "corpusjson/P334095.json",
    "P334096": "corpusjson/P334096.json",
    "P334098": "corpusjson/P334098.json",
    "P334121": "corpusjson/P334121.json",
    "P334122": "corpusjson/P334122.json",
    "P334129": "corpusjson/P334129.json",
    "P334130": "corpusjson/P334130.json",
    "P334147": "corpusjson/P334147.json",
    "P334153": "corpusjson/P334153.json",
    "P334156": "corpusjson/P334156.json",
    "P334159": "corpusjson/P334159.json",
    "P334242": "corpusjson/P334242.json",
    "P334243": "corpusjson/P334243.json",
    "P334244": "corpusjson/P334244.json",
    "P334247": "corpusjson/P334247.json",
    "P334248": "corpusjson/P334248.json",
    "P334249": "corpusjson/P334249.json",
    "P334250": "corpusjson/P334250.json",
    "P334251": "corpusjson/P334251.json",
    "P334252": "corpusjson/P334252.json",
    "P334253": "corpusjson/P334253.json",
    "P334268": "corpusjson/P334268.json",
    "P334269": "corpusjson/P334269.json",
    "P334270": "corpusjson/P334270.json",
    "P334287": "corpusjson/P334287.json",
    "P334293": "corpusjson/P334293.json",
    "P334294": "corpusjson/P334294.json",
    "P334304": "corpusjson/P334304.json",
    "P334319": "corpusjson/P334319.json",
    "P334324": "corpusjson/P334324.json",
    "P334327": "corpusjson/P334327.json",
    "P334340": "corpusjson/P334340.json",
    "P334341": "corpusjson/P334341.json",
    "P334342": "corpusjson/P334342.json",
    "P334354": "corpusjson/P334354.json",
    "P334362": "corpusjson/P334362.json",
    "P334363": "corpusjson/P334363.json",
    "P334364": "corpusjson/P334364.json",
    "P334368": "corpusjson/P334368.json",
    "P334370": "corpusjson/P334370.json",
    "P334371": "corpusjson/P334371.json",
    "P334376": "corpusjson/P334376.json",
    "P334380": "corpusjson/P334380.json",
    "P334383": "corpusjson/P334383.json",
    "P334391": "corpusjson/P334391.json",
    "P334395": "corpusjson/P334395.json",
    "P334399": "corpusjson/P334399.json",
    "P334414": "corpusjson/P334414.json",
    "P334418": "corpusjson/P334418.json",
    "P334419": "corpusjson/P334419.json",
    "P334420": "corpusjson/P334420.json",
    "P334423": "corpusjson/P334423.json",
    "P334427": "corpusjson/P334427.json",
    "P334438": "corpusjson/P334438.json",
    "P334449": "corpusjson/P334449.json",
    "P334450": "corpusjson/P334450.json",
    "P334466": "corpusjson/P334466.json",
    "P334480": "corpusjson/P334480.json",
    "P334481": "corpusjson/P334481.json",
    "P334482": "corpusjson/P334482.json",
    "P334484": "corpusjson/P334484.json",
    "P334503": "corpusjson/P334503.json",
    "P334513": "corpusjson/P334513.json",
    "P334514": "corpusjson/P334514.json",
    "P334515": "corpusjson/P334515.json",
    "P334516": "corpusjson/P334516.json",
    "P334523": "corpusjson/P334523.json",
    "P334524": "corpusjson/P334524.json",
    "P334542": "corpusjson/P334542.json",
    "P334566": "corpusjson/P334566.json",
    "P334585": "corpusjson/P334585.json",
    "P334591": "corpusjson/P334591.json",
    "P334593": "corpusjson/P334593.json",
    "P334603": "corpusjson/P334603.json",
    "P334611": "corpusjson/P334611.json",
    "P334636": "corpusjson/P334636.json",
    "P334637": "corpusjson/P334637.json",
    "P334641": "corpusjson/P334641.json",
    "P334647": "corpusjson/P334647.json",
    "P334651": "corpusjson/P334651.json",
    "P334652": "corpusjson/P334652.json",
    "P334653": "corpusjson/P334653.json",
    "P334654": "corpusjson/P334654.json",
    "P334657": "corpusjson/P334657.json",
    "P334669": "corpusjson/P334669.json",
    "P334678": "corpusjson/P334678.json",
    "P334682": "corpusjson/P334682.json",
    "P334706": "corpusjson/P334706.json",
    "P334720": "corpusjson/P334720.json",
    "P334730": "corpusjson/P334730.json",
    "P334732": "corpusjson/P334732.json",
    "P334735": "corpusjson/P334735.json",
    "P334738": "corpusjson/P334738.json",
    "P334743": "corpusjson/P334743.json",
    "P334746": "corpusjson/P334746.json",
    "P334752": "corpusjson/P334752.json",
    "P334755": "corpusjson/P334755.json",
    "P334756": "corpusjson/P334756.json",
    "P334759": "corpusjson/P334759.json",
    "P334763": "corpusjson/P334763.json",
    "P334764": "corpusjson/P334764.json",
    "P334766": "corpusjson/P334766.json",
    "P334769": "corpusjson/P334769.json",
    "P334784": "corpusjson/P334784.json",
    "P334787": "corpusjson/P334787.json",
    "P334796": "corpusjson/P334796.json",
    "P334800": "corpusjson/P334800.json",
    "P334801": "corpusjson/P334801.json",
    "P334803": "corpusjson/P334803.json",
    "P334809": "corpusjson/P334809.json",
    "P334815": "corpusjson/P334815.json",
    "P334817": "corpusjson/P334817.json",
    "P334838": "corpusjson/P334838.json",
    "P334868": "corpusjson/P334868.json",
    "P334870": "corpusjson/P334870.json",
    "P334871": "corpusjson/P334871.json",
    "P334875": "corpusjson/P334875.json",
    "P334878": "corpusjson/P334878.json",
    "P334880": "corpusjson/P334880.json",
    "P334893": "corpusjson/P334893.json",
    "P334900": "corpusjson/P334900.json",
    "P336735": "corpusjson/P336735.json",
    "P336736": "corpusjson/P336736.json",
    "P336737": "corpusjson/P336737.json",
    "P336800": "corpusjson/P336800.json"
  }
}
